{
  "main": {
    "id": "cd956fb33cf99fb4",
    "type": "split",
    "children": [
      {
        "id": "0b3f2df43cab0cb7",
        "type": "tabs",
        "children": [
          {
            "id": "eb52b87d937e0236",
            "type": "leaf",
            "state": {
              "type": "bases",
              "state": {
                "file": "Untitled 1.base",
                "viewName": "Table"
              },
              "icon": "lucide-table",
              "title": "Untitled 1"
            }
          },
          {
            "id": "b8d862ab3105e688",
            "type": "leaf",
            "state": {
              "type": "markdown",
              "state": {
                "file": "Classe/Druide/Saronide.md",
                "mode": "source",
                "source": false
              },
              "icon": "lucide-file",
              "title": "Saronide"
            }
          }
        ]
      }
    ],
    "direction": "vertical"
  },
  "left": {
    "id": "560ddb6d43f88120",
    "type": "mobile-drawer",
    "children": [
      {
        "id": "fa0136151af4d9fa",
        "type": "leaf",
        "state": {
          "type": "file-explorer",
          "state": {
            "sortOrder": "alphabetical",
            "autoReveal": false
          },
          "icon": "lucide-folder-closed",
          "title": "Files"
        }
      },
      {
        "id": "f3fc887d05d44cd0",
        "type": "leaf",
        "state": {
          "type": "search",
          "state": {
            "query": "",
            "matchingCase": false,
            "explainSearch": false,
            "collapseAll": false,
            "extraContext": false,
            "sortOrder": "alphabetical"
          },
          "icon": "lucide-search",
          "title": "Search"
        }
      },
      {
        "id": "92174c5ab050f095",
        "type": "leaf",
        "state": {
          "type": "tag",
          "state": {
            "sortOrder": "frequency",
            "useHierarchy": true,
            "showSearch": false,
            "searchQuery": ""
          },
          "icon": "lucide-tags",
          "title": "Tags"
        }
      },
      {
        "id": "846d3f1b11afe9f9",
        "type": "leaf",
        "state": {
          "type": "bookmarks",
          "state": {},
          "icon": "lucide-bookmark",
          "title": "Bookmarks"
        }
      }
    ],
    "currentTab": 0
  },
  "right": {
    "id": "7b7af065696df94f",
    "type": "mobile-drawer",
    "children": [
      {
        "id": "6b9964f545ef3c61",
        "type": "leaf",
        "state": {
          "type": "backlink",
          "state": {
            "file": "Classe/Druide/Saronides.md",
            "collapseAll": false,
            "extraContext": false,
            "sortOrder": "alphabetical",
            "showSearch": false,
            "searchQuery": "",
            "backlinkCollapsed": false,
            "unlinkedCollapsed": true
          },
          "icon": "links-coming-in",
          "title": "Backlinks"
        }
      },
      {
        "id": "99ab1bc87f9f9692",
        "type": "leaf",
        "state": {
          "type": "outgoing-link",
          "state": {
            "file": "classe/Clerc/Clerc de l’ordre.md",
            "linksCollapsed": false,
            "unlinkedCollapsed": true
          },
          "icon": "links-going-out",
          "title": "Outgoing links"
        }
      },
      {
        "id": "f63e45080e6a43da",
        "type": "leaf",
        "state": {
          "type": "outline",
          "state": {
            "file": "classe/Clerc/Clerc de l’ordre.md",
            "followCursor": false,
            "showSearch": false,
            "searchQuery": ""
          },
          "icon": "lucide-list",
          "title": "Outline"
        }
      }
    ],
    "currentTab": 0
  },
  "left-ribbon": {
    "hiddenItems": {
      "bases:Create new base": false,
      "switcher:Open quick switcher": false,
      "graph:Open graph view": false,
      "canvas:Create new canvas": false,
      "daily-notes:Open today's daily note": false,
      "templates:Insert template": false,
      "command-palette:Open command palette": false
    }
  },
  "active": "eb52b87d937e0236",
  "lastOpenFiles": [
    "Untitled 2.base",
    "Untitled 1.base",
    "Untitled.base",
    "Classe/Clerc/Clerc de l’ordre.md",
    "Classe/Druide/Shaman Sylvestre.md",
    "Classe/Druide/Saronide.md",
    "Classe/Assassin/Pendard.md",
    "Classes/Druide/Âme animale.md",
    "Classes/Assassin/Assassin.md",
    "Règles/Combat.md",
    "Classe/Druide",
    "Classe/Paladin/Paladin du chaos.md",
    "Classe/Paladin/Paladin Maudit.md",
    "Classe/Paladin/Paladin de l'ordre.md",
    "Règles/Fiche de personnage et classe.md",
    "Classe/Voleur/Sicaire.md",
    "Classe/Assassin/Manipulateur des ombre.md",
    "Classe/Assassin/Spadassin.md",
    "Classe/Clerc/Clerc.md",
    "Classe/Clerc/Clerc du chaos.md",
    "Classe/Voleur",
    "Classe/Assassin",
    "Classe/Index.md",
    "Classe/Clerc",
    "Classe/Paladin",
    "Classe",
    "Classe2/Voleur/Sicaire.md",
    "Classe2/Assassin/Manipulateur des ombre.md",
    "Classe2/Assassin/Spadassin.md",
    "Classe2/Assassin/Pendard.md",
    "Classe2/Clerc/Clerc.md",
    "Classe2/Clerc/Clerc du chaos.md",
    "Classe2/Clerc/Clerc de l’ordre.md",
    "Classe2/Paladin/Paladin Maudit.md",
    "Classe2/Voleur"
  ]
}