{
  "main": {
    "id": "a76dd5bbb791a154",
    "type": "split",
    "children": [
      {
        "id": "87d4648343e5986b",
        "type": "tabs",
        "children": [
          {
            "id": "00ce29af358d9914",
            "type": "leaf",
            "state": {
              "type": "markdown",
              "state": {
                "file": "Jdr/Panthéon/Dieu Mineur/Khyne.md",
                "mode": "source",
                "source": false
              },
              "icon": "lucide-file",
              "title": "Khyne"
            }
          },
          {
            "id": "b270980bf42b8851",
            "type": "leaf",
            "state": {
              "type": "markdown",
              "state": {
                "file": "Classe/Clerc/Clerc du chaos.md",
                "mode": "source",
                "source": false
              },
              "icon": "lucide-file",
              "title": "Clerc du chaos"
            }
          },
          {
            "id": "1a6cb28369b4fc42",
            "type": "leaf",
            "state": {
              "type": "markdown",
              "state": {
                "file": "Classe/Clerc/Clerc de l’ordre.md",
                "mode": "source",
                "source": false
              },
              "icon": "lucide-file",
              "title": "Clerc de l’ordre"
            }
          },
          {
            "id": "0de9b74c9e13c8a1",
            "type": "leaf",
            "state": {
              "type": "empty",
              "state": {},
              "icon": "lucide-file",
              "title": "Nouvel onglet"
            }
          },
          {
            "id": "15b64b4402c25443",
            "type": "leaf",
            "state": {
              "type": "markdown",
              "state": {
                "file": "Barème/PV.md",
                "mode": "source",
                "source": false
              },
              "icon": "lucide-file",
              "title": "PV"
            }
          }
        ],
        "currentTab": 4
      },
      {
        "id": "859a41dc433ceba5",
        "type": "tabs",
        "children": [
          {
            "id": "4e06bd45f8d747dc",
            "type": "leaf",
            "state": {
              "type": "markdown",
              "state": {
                "file": "Jdr/Panthéon/Dieu Majeur/Dieu Majeur.md",
                "mode": "source",
                "source": false
              },
              "icon": "lucide-file",
              "title": "Dieu Majeur"
            }
          }
        ]
      }
    ],
    "direction": "vertical"
  },
  "left": {
    "id": "ba69e7399202726d",
    "type": "split",
    "children": [
      {
        "id": "4e7225afa81fab57",
        "type": "tabs",
        "children": [
          {
            "id": "7d26af1d84377666",
            "type": "leaf",
            "state": {
              "type": "file-explorer",
              "state": {
                "sortOrder": "alphabetical",
                "autoReveal": false
              },
              "icon": "lucide-folder-closed",
              "title": "Explorateur de fichiers"
            }
          },
          {
            "id": "b6bd7a3f64444db0",
            "type": "leaf",
            "state": {
              "type": "search",
              "state": {
                "query": "",
                "matchingCase": false,
                "explainSearch": false,
                "collapseAll": false,
                "extraContext": false,
                "sortOrder": "alphabetical"
              },
              "icon": "lucide-search",
              "title": "Rechercher"
            }
          },
          {
            "id": "edc32593852b090a",
            "type": "leaf",
            "state": {
              "type": "bookmarks",
              "state": {},
              "icon": "lucide-bookmark",
              "title": "Signets"
            }
          }
        ]
      }
    ],
    "direction": "horizontal",
    "width": 300
  },
  "right": {
    "id": "fcbce494514c3102",
    "type": "split",
    "children": [
      {
        "id": "abd05ecb3785fb90",
        "type": "tabs",
        "children": [
          {
            "id": "7cf191a81ac4a7c1",
            "type": "leaf",
            "state": {
              "type": "backlink",
              "state": {
                "file": "Barème/PV.md",
                "collapseAll": false,
                "extraContext": false,
                "sortOrder": "alphabetical",
                "showSearch": false,
                "searchQuery": "",
                "backlinkCollapsed": false,
                "unlinkedCollapsed": true
              },
              "icon": "links-coming-in",
              "title": "Rétrolien pour PV"
            }
          },
          {
            "id": "07cd5e66bff048e2",
            "type": "leaf",
            "state": {
              "type": "outgoing-link",
              "state": {
                "file": "Barème/PV.md",
                "linksCollapsed": false,
                "unlinkedCollapsed": true
              },
              "icon": "links-going-out",
              "title": "Liens sortants de PV"
            }
          },
          {
            "id": "f0d78659a59073ac",
            "type": "leaf",
            "state": {
              "type": "tag",
              "state": {
                "sortOrder": "frequency",
                "useHierarchy": true,
                "showSearch": false,
                "searchQuery": ""
              },
              "icon": "lucide-tags",
              "title": "Mots-clés"
            }
          },
          {
            "id": "7c4b8ab7c114ff60",
            "type": "leaf",
            "state": {
              "type": "outline",
              "state": {
                "file": "Barème/PV.md",
                "followCursor": false,
                "showSearch": false,
                "searchQuery": ""
              },
              "icon": "lucide-list",
              "title": "Plan de PV"
            }
          }
        ]
      }
    ],
    "direction": "horizontal",
    "width": 300,
    "collapsed": true
  },
  "left-ribbon": {
    "hiddenItems": {
      "switcher:Ouvrir le sélecteur rapide": false,
      "graph:Ouvrir la vue graphique": false,
      "canvas:Créer une nouvelle toile": false,
      "daily-notes:Ouvrir la note quotidienne": false,
      "templates:Insérer le modèle": false,
      "command-palette:Ouvrir la palette de commandes": false,
      "bases:Create new base": false
    }
  },
  "active": "15b64b4402c25443",
  "lastOpenFiles": [
    "Jdr/Panthéon/Dieu Mineur/Dieu Nains/Mótsognir.md",
    "Jdr/Panthéon/Dieu Mineur/Dieu Nains/Andvari.md",
    "Jdr/Panthéon/Dieu Mineur/Dieu Nains/Brokk et Eitri.md",
    "Jdr/Panthéon/Géant et autre créature immortelle/Hästi.md",
    "Jdr/Panthéon/Dieu Mineur/Dieu Nains/Nordri, Sudri, Austri et Westri.md",
    "Jdr/Panthéon/Dieu Mineur/Dieu Nains/Fàfnir.md",
    "Jdr/Panthéon/Dieu Mineur/Dieu Nains/Ivaldi.md",
    "Lexique.md",
    "Jdr/Panthéon/Dieu Mineur/Dieu Nains",
    "Classe/Clerc/Clerc du chaos.md",
    "Jdr/Panthéon/Géant et autre créature immortelle",
    "Jdr/Panthéon/Abérrations/Bregða Vatn.md",
    "Jdr/Midgard/Anfroi le Libérateur.md",
    "Jdr/Panthéon/Dieu Majeur/Ordre/Harpéon.md",
    "Jdr/Panthéon/Dieu Majeur/Ordre/Jusëa.md",
    "Jdr/Panthéon/Dieu Majeur/Ordre/Dundergonde.md",
    "Jdr/Panthéon/Dieu Majeur/Ordre/Schanier.md",
    "Jdr/Panthéon/Dieu Majeur/Ordre/Pax et Rax.md",
    "Jdr/Panthéon/Dieu Majeur/Alakoubala.md",
    "Jdr/Panthéon/Dieu Mineur/Hastéa.md",
    "Jdr/Panthéon/Dieu Mineur/Khân.md",
    "Jdr/Panthéon/Dieu Majeur/Dieu Majeur.md",
    "Jdr/Panthéon/Dieu Majeur/Chaos/Napalm.md",
    "Jdr/Panthéon/Dieu Majeur/Chaos/Khälrun.md",
    "Jdr/Panthéon/Dieu Majeur/Chaos/Cicéron.md",
    "Jdr/Panthéon/Dieu Mineur/Khyne.md",
    "Classe/Clerc/Clerc de l’ordre.md",
    "Jdr/Midgard/Le Royaume de Francomte/Bosquet de Khyne/Bosquet de Khyne.md"
  ]
}