{
  "main": {
    "id": "67197b48c218d708",
    "type": "split",
    "children": [
      {
        "id": "151987bcaae82ccf",
        "type": "tabs",
        "children": [
          {
            "id": "db6acb4093c80fbf",
            "type": "leaf",
            "state": {
              "type": "markdown",
              "state": {
                "file": "Clerc/Clerc du chaos.md",
                "mode": "source",
                "source": false
              },
              "icon": "lucide-file",
              "title": "Clerc du chaos"
            }
          }
        ]
      }
    ],
    "direction": "vertical"
  },
  "left": {
    "id": "01661b0ee05d59c7",
    "type": "split",
    "children": [
      {
        "id": "01e13e77d1d53eac",
        "type": "tabs",
        "children": [
          {
            "id": "b7cf1aa6568b50ac",
            "type": "leaf",
            "state": {
              "type": "file-explorer",
              "state": {
                "sortOrder": "alphabetical",
                "autoReveal": false
              },
              "icon": "lucide-folder-closed",
              "title": "Explorateur de fichiers"
            }
          },
          {
            "id": "847d441059d02b2e",
            "type": "leaf",
            "state": {
              "type": "search",
              "state": {
                "query": "",
                "matchingCase": false,
                "explainSearch": false,
                "collapseAll": false,
                "extraContext": false,
                "sortOrder": "alphabetical"
              },
              "icon": "lucide-search",
              "title": "Rechercher"
            }
          },
          {
            "id": "ff45405813e1e14a",
            "type": "leaf",
            "state": {
              "type": "bookmarks",
              "state": {},
              "icon": "lucide-bookmark",
              "title": "Signet"
            }
          }
        ]
      }
    ],
    "direction": "horizontal",
    "width": 300
  },
  "right": {
    "id": "8fbf38d7ee9898c8",
    "type": "split",
    "children": [
      {
        "id": "d5ba93b54a6e637e",
        "type": "tabs",
        "children": [
          {
            "id": "debcbb87274ab20f",
            "type": "leaf",
            "state": {
              "type": "backlink",
              "state": {
                "file": "Clerc/Clerc du chaos.md",
                "collapseAll": false,
                "extraContext": false,
                "sortOrder": "alphabetical",
                "showSearch": false,
                "searchQuery": "",
                "backlinkCollapsed": false,
                "unlinkedCollapsed": true
              },
              "icon": "links-coming-in",
              "title": "Rétrolien pour Clerc du chaos"
            }
          },
          {
            "id": "eb3a45090a00795f",
            "type": "leaf",
            "state": {
              "type": "outgoing-link",
              "state": {
                "file": "Clerc/Clerc du chaos.md",
                "linksCollapsed": false,
                "unlinkedCollapsed": true
              },
              "icon": "links-going-out",
              "title": "Liens sortants de Clerc du chaos"
            }
          },
          {
            "id": "51cfa273e163af33",
            "type": "leaf",
            "state": {
              "type": "tag",
              "state": {
                "sortOrder": "frequency",
                "useHierarchy": true,
                "showSearch": false,
                "searchQuery": ""
              },
              "icon": "lucide-tags",
              "title": "Mots-clés"
            }
          },
          {
            "id": "9e3422663210857a",
            "type": "leaf",
            "state": {
              "type": "outline",
              "state": {
                "file": "Clerc/Clerc du chaos.md",
                "followCursor": false,
                "showSearch": false,
                "searchQuery": ""
              },
              "icon": "lucide-list",
              "title": "Plan de Clerc du chaos"
            }
          }
        ]
      }
    ],
    "direction": "horizontal",
    "width": 300,
    "collapsed": true
  },
  "left-ribbon": {
    "hiddenItems": {
      "switcher:Ouvrir le sélecteur rapide": false,
      "graph:Ouvrir la vue graphique": false,
      "canvas:Créer une nouvelle toile": false,
      "daily-notes:Ouvrir la note quotidienne": false,
      "templates:Insérer le modèle": false,
      "command-palette:Ouvrir la palette de commandes": false
    }
  },
  "active": "db6acb4093c80fbf",
  "lastOpenFiles": []
}