{
  "main": {
    "id": "602cd22e81bf69e7",
    "type": "split",
    "children": [
      {
        "id": "17a43efb5508c4ae",
        "type": "tabs",
        "children": [
          {
            "id": "6cbf0d8b4715cb86",
            "type": "leaf",
            "state": {
              "type": "markdown",
              "state": {
                "file": "Midgard/Lore/La Grande Guerre des 4/Histoires Résumé.md",
                "mode": "source",
                "source": false
              },
              "icon": "lucide-file",
              "title": "Histoires Résumé"
            }
          },
          {
            "id": "e5f5d7036dc46692",
            "type": "leaf",
            "state": {
              "type": "markdown",
              "state": {
                "file": "Midgard/Dúathalas/Tell-Scoïaa/Elowen.md",
                "mode": "source",
                "source": false
              },
              "icon": "lucide-file",
              "title": "Elowen"
            }
          },
          {
            "id": "31c49a892e1f6db3",
            "type": "leaf",
            "state": {
              "type": "markdown",
              "state": {
                "file": "Midgard/Lore/Temporalité/Ligne du temps.md",
                "mode": "source",
                "source": false
              },
              "icon": "lucide-file",
              "title": "Ligne du temps"
            }
          },
          {
            "id": "994c84f37f8df3d4",
            "type": "leaf",
            "state": {
              "type": "markdown",
              "state": {
                "file": "Midgard/Lore/Théorie des plans/Théorie générale et métaphysique de notre Univers.md",
                "mode": "source",
                "source": false
              },
              "icon": "lucide-file",
              "title": "Théorie générale et métaphysique de notre Univers"
            }
          }
        ],
        "currentTab": 3
      }
    ],
    "direction": "vertical"
  },
  "left": {
    "id": "bf0890b5b44308d0",
    "type": "split",
    "children": [
      {
        "id": "e3e531c3cc09e061",
        "type": "tabs",
        "children": [
          {
            "id": "4bedb86a10a17171",
            "type": "leaf",
            "state": {
              "type": "file-explorer",
              "state": {
                "sortOrder": "alphabetical",
                "autoReveal": false
              },
              "icon": "lucide-folder-closed",
              "title": "Explorateur de fichiers"
            }
          },
          {
            "id": "3082db30bed11e62",
            "type": "leaf",
            "state": {
              "type": "search",
              "state": {
                "query": "",
                "matchingCase": false,
                "explainSearch": false,
                "collapseAll": false,
                "extraContext": false,
                "sortOrder": "alphabetical"
              },
              "icon": "lucide-search",
              "title": "Search"
            }
          },
          {
            "id": "d3a0c9524cd5fa1a",
            "type": "leaf",
            "state": {
              "type": "bookmarks",
              "state": {},
              "icon": "lucide-bookmark",
              "title": "Bookmarks"
            }
          }
        ]
      }
    ],
    "direction": "horizontal",
    "width": 614.4000000000001
  },
  "right": {
    "id": "e8e6e918982480e8",
    "type": "split",
    "children": [
      {
        "id": "8df3ddab766c4708",
        "type": "tabs",
        "children": [
          {
            "id": "bc6f185db83af349",
            "type": "leaf",
            "state": {
              "type": "backlink",
              "state": {
                "file": "Midgard/Le Royaume/Mossley/Mossley.md",
                "collapseAll": false,
                "extraContext": false,
                "sortOrder": "alphabetical",
                "showSearch": false,
                "searchQuery": "",
                "backlinkCollapsed": false,
                "unlinkedCollapsed": true
              },
              "icon": "links-coming-in",
              "title": "Backlinks for Mossley"
            }
          },
          {
            "id": "699fe5073266bb8a",
            "type": "leaf",
            "state": {
              "type": "outgoing-link",
              "state": {
                "file": "Midgard/Le Royaume/Mossley/Mossley.md",
                "linksCollapsed": false,
                "unlinkedCollapsed": true
              },
              "icon": "links-going-out",
              "title": "Outgoing links from Mossley"
            }
          },
          {
            "id": "ea0206e5ad93ef62",
            "type": "leaf",
            "state": {
              "type": "tag",
              "state": {
                "sortOrder": "frequency",
                "useHierarchy": true
              },
              "icon": "lucide-tags",
              "title": "Tags"
            }
          },
          {
            "id": "165896648d098d04",
            "type": "leaf",
            "state": {
              "type": "outline",
              "state": {
                "file": "Midgard/Le Royaume/Mossley/Mossley.md"
              },
              "icon": "lucide-list",
              "title": "Outline of Mossley"
            }
          }
        ]
      }
    ],
    "direction": "horizontal",
    "width": 300,
    "collapsed": true
  },
  "left-ribbon": {
    "hiddenItems": {
      "switcher:Ouvrir le sélecteur rapide": false,
      "graph:Ouvrir la vue graphique": false,
      "canvas:Créer une nouvelle toile": false,
      "daily-notes:Ouvrir la note quotidienne": false,
      "templates:Insérer le modèle": false,
      "command-palette:Ouvrir la palette de commandes": false,
      "zk-prefixer:Créer une nouvelle note unique": false,
      "random-note:Ouvre une note au hasard": false
    }
  },
  "active": "4bedb86a10a17171",
  "lastOpenFiles": [
    "Omrorn Shelzegor.md",
    "Midgard/Lore/Théorie des plans/Théorie générale et métaphysique de notre Univers.md",
    "Midgard/Lore/Temporalité/Ligne du temps.md",
    "Anfroi le Libérateur.md",
    "Midgard/Lore/La Grande Guerre des 4/Histoires Résumé.md",
    "Midgard/Lore/Temporalité",
    "Midgard/Lore/Théorie des plans",
    "Midgard/Dúathalas/Tell-Scoïaa/Elowen.md",
    "Midgard/Le Royaume de Francomte/Mossley/Lieu-Dits/Caserne des Mercenaire-Prisonnier.md",
    "Daeneiros le protecteur.md",
    "Midgard/Le Royaume de Francomte/Bosquet de Khyne/Bosquet de Khyne.md",
    "Midgard/Dúathalas/Tell-Scoïaa/Tell-Scoïaa.md",
    "Midgard/Dúathalas/Tell-Scoïaa/Ra'khargii.md",
    "Midgard/Dúathalas/Héros/Daeneiros.md",
    "Midgard/Dúathalas/Héros",
    "Midgard/Le Royaume de Francomte/Héros",
    "Midgard/Les Domes de Pierres/Héros/Thraìn fils de Daìn.md",
    "Midgard/Le Royaume de Francomte/Héros/Louis De Mossley.md",
    "Campagne/ARC 1/2.Après la prison/Révolutionnaire.md",
    "Panthéon/Dieu Majeur/Chaos/Khälrun.md",
    "Midgard/Le Royaume de Francomte/Bosquet de Khyne",
    "Campagne/ARC 1/1.Liste des quête disponible/Contrebande et homme fort.md",
    "Midgard/Lore/La Grande Guerre des 4",
    "Campagne/ARC 1/1.Liste des quête disponible/Épidémie de dormant.md",
    "Vadin Tazägd.md",
    "Midgard/Le Royaume de Francomte/Mossley/Personnage/Jacques le Ferme.md",
    "Midgard/Le Royaume de Francomte/Mossley/Personnage/Bobby Jester.md",
    "Panthéon/Abérrations/Bregða Vatn.md",
    "Campagne/ARC 1/2.Après la prison/Soldat.md",
    "Campagne/ARC 1/2.Après la prison/Untitled",
    "Campagne/ARC 1/1.Liste des quête disponible/Ratifux Rex.md",
    "Campagne/ARC 1/1.Liste des quête disponible/Bande organisé.md",
    "Campagne/ARC 1/1.Liste des quête disponible/Bruit Bizarre.md",
    "Midgard/Le Royaume de Francomte/Mossley/Organisation",
    "Panthéon/Abérrations",
    "Campagne/ARC 1/2.Après la prison",
    "Campagne/ARC 1/Liste des quête disponible/Untitled.canvas",
    "Campagne/Untitled.canvas",
    "Untitled.canvas"
  ]
}